sensor_left,sensor_front,sensor_right,action
300,300,114,0
300,300,114,0
300,300,114,0
300,300,114,0
286,300,114,0
131,300,114,0
116,292,114,0
102,282,114,0
88,272,114,0
85,262,114,0
85,252,114,0
85,242,114,0
85,232,114,0
241,222,114,0
241,212,114,0
241,202,114,0
241,192,114,0
241,182,114,0
300,172,114,0
300,162,114,0
300,152,114,0
300,142,114,0
300,132,114,0
300,122,114,0
300,114,139,1
183,260,113,1
167,300,97,1
159,300,87,0
154,300,79,0
148,300,71,0
142,300,62,0
136,300,54,0
131,300,45,0
125,300,42,0
300,300,171,0
300,300,163,0
278,300,154,0
244,300,146,0
239,300,137,0
233,300,129,0
227,300,121,0
221,300,112,0
216,300,104,0
300,300,95,0
300,300,87,0
300,300,84,0
300,300,115,0
300,266,77,2
300,238,59,2
300,221,56,2
298,211,44,0
284,201,43,0
270,191,43,0
256,181,43,0
242,171,43,0
227,161,43,0
213,151,43,0
199,141,43,0
185,131,43,0
171,121,43,0
157,111,43,0
143,101,43,0
155,92,54,1
197,87,83,1
300,86,74,1
300,89,65,1
300,102,59,1
300,134,58,1
300,241,61,1
300,300,65,0
300,291,63,0
300,281,62,0
300,271,61,0
300,261,60,0
300,251,59,0
300,241,58,0
299,231,56,0
286,221,55,0
273,211,54,0
260,201,53,0
247,191,52,0
234,181,50,0
221,171,49,0
208,161,48,0
195,151,47,0
182,141,46,0
170,131,45,0
157,121,43,0
144,111,42,0
131,101,41,0
126,91,43,1
143,82,57,1
183,77,77,1
300,75,64,1
300,78,55,1
300,88,50,1
220,118,48,1
204,228,50,1
300,300,56,0
300,300,56,0
300,300,56,0
177,300,56,0
163,300,55,0
150,300,55,0
136,298,55,0
132,288,54,0
132,278,54,0
133,268,54,0
133,258,53,0
278,248,53,0
278,238,53,0
279,228,53,0
279,218,52,0
300,208,52,0
300,198,52,0
300,188,51,0
300,178,51,0
300,168,51,0
300,158,51,0
300,148,50,0
300,138,50,0
300,128,50,0
300,118,49,0
300,108,49,0
300,98,49,0
122,88,48,0
108,78,48,0
300,69,63,1
300,63,64,1
192,60,51,1
181,59,42,1
176,64,37,1
178,300,34,1
300,300,35,1
300,145,40,1
300,138,300,1
300,128,300,0
300,118,300,0
300,108,300,0
300,98,300,0
300,88,300,0
300,78,300,0
300,66,300,2
70,57,300,2
51,50,300,2
39,44,300,2
30,300,300,2
24,300,300,2
181,300,300,2
300,300,300,2
300,300,300,0
300,300,300,0
300,300,300,0
300,291,300,0
300,281,300,0
300,271,300,0
300,261,300,0
300,251,290,0
300,241,279,0
300,231,89,0
300,221,78,0
300,211,76,0
300,201,80,0
300,191,84,0
300,181,88,0
300,171,92,0
292,161,96,0
274,151,100,0
255,141,105,0
237,131,109,0
219,121,113,0
201,111,117,0
183,101,117,0
165,91,105,0
146,81,93,0
193,76,74,1
287,75,62,1
277,78,54,1
276,90,49,1
286,125,48,1
300,253,51,1
300,240,60,1
300,237,82,1
300,236,112,0
300,226,121,0
300,216,130,0
300,206,139,0
300,196,148,0
300,186,156,0
300,176,165,0
300,166,170,0
300,156,159,0
300,146,149,0
300,136,139,0
290,126,129,0
267,116,119,0
244,106,108,0
221,96,98,0
198,86,88,0
175,76,78,0
242,72,64,1
300,72,54,1
300,79,48,1
300,99,45,1
300,162,46,1
152,292,52,1
126,285,66,1
137,300,91,0
116,300,98,0
104,300,105,0
101,300,112,0
97,300,119,0
94,300,126,0
90,300,133,0
211,300,140,0
207,300,147,0
203,300,154,0
200,300,160,0
196,300,167,0
193,300,174,0
189,300,167,0
186,294,156,0
182,284,145,0
179,274,135,0
175,264,124,0
172,254,113,0
168,244,103,0
300,234,92,0
300,224,81,0
300,214,71,0
300,204,60,0
300,194,49,0
282,300,36,1
125,300,168,1
118,300,162,1
115,300,300,1
112,250,300,0
101,240,300,0
91,230,300,0
80,220,300,0
69,210,300,0
58,200,300,0
47,190,300,0
61,300,300,2
300,300,300,2
300,300,299,2
157,300,224,2
300,296,140,2
300,277,118,0
300,267,122,0
300,257,125,0
300,247,129,0
300,237,132,0
300,227,136,0
300,217,139,0
300,207,143,0
300,197,146,0
300,187,150,0
300,177,153,0
294,167,157,0
276,157,160,0
259,147,164,0
241,137,161,0
223,127,149,0
206,117,137,0
188,107,126,0
170,97,114,0
153,87,102,0
135,77,90,0
144,69,73,1
211,65,59,1
264,64,49,1
258,68,42,1
262,83,39,1
276,131,39,1
300,228,43,1
300,221,54,1
300,222,82,1
207,234,166,1
300,261,192,1
283,300,188,1
275,300,183,0
283,300,178,0
300,300,172,0
300,295,167,0
300,285,161,0
300,275,155,0
300,265,150,0
123,255,144,0
115,245,138,0
106,235,133,0
98,225,127,0
89,215,122,0
86,205,116,0
300,195,110,0
300,185,105,0
300,175,99,0
300,165,93,0
300,155,88,0
300,145,82,0
225,135,76,0
217,125,71,0
208,115,65,0
201,112,60,1
300,160,60,1
300,179,65,1
300,167,77,1
206,162,105,1
184,300,156,1
222,300,140,1
300,300,132,1
300,300,126,0
300,300,119,0
300,300,113,0
300,300,106,0
124,300,100,0
116,300,300,0
109,300,300,0
101,300,300,0
94,300,300,0
86,300,300,0
79,300,300,0
71,300,291,0
63,300,217,0
56,300,211,0
49,300,300,2
228,300,300,2
300,300,191,2
300,300,208,2
300,300,238,2
300,300,208,2
300,162,189,2
139,161,178,2
233,151,171,0
274,141,164,0
267,131,158,0
259,121,151,0
252,111,144,0
245,101,137,0
237,91,131,0
234,71,127,1
156,54,128,1
113,214,72,1
90,201,43,1
75,195,33,1
300,148,195,1
300,95,175,1
300,80,166,0
300,227,300,0
300,217,300,0
299,207,300,0
292,197,300,0
285,187,300,0
278,177,300,0
300,167,300,0
300,157,300,0
300,147,300,0
300,137,178,0
300,127,171,0
300,117,164,0
300,107,157,0
300,97,151,0
63,87,300,0
56,80,300,2
51,298,132,2
50,300,131,2
53,294,300,2
223,280,300,2
294,93,300,2
282,87,300,0
272,77,300,0
277,64,300,1
255,58,300,1
210,224,53,1
300,224,36,1
300,235,45,1
294,231,196,1
300,182,191,1
300,152,195,1
300,300,197,0
300,300,193,0
300,300,189,0
300,300,185,0
300,300,182,0
300,300,178,0
300,300,174,0
300,300,152,0
300,300,129,0
300,300,106,0
300,184,77,1
300,166,40,1
300,155,34,1
300,300,294,1
300,300,142,1
240,300,128,1
300,300,121,1
300,300,299,0
300,300,293,0
300,300,287,0
300,300,281,0
300,300,275,0
300,300,266,2
300,300,260,2
300,280,135,2
300,249,92,2
300,231,71,2
298,220,63,0
284,210,62,0
271,200,61,0
257,190,61,0
244,180,60,0
230,170,59,0
217,160,59,0
203,150,58,0
190,140,58,0
176,130,57,0
163,120,56,0
149,110,56,0
153,101,63,1
184,94,88,1
264,91,85,1
300,93,73,1
300,103,66,1
300,126,63,1
300,193,64,1
300,298,67,0
300,288,65,0
300,278,62,0
300,268,60,0
300,258,58,0
298,248,56,0
286,238,54,0
274,228,52,0
262,218,50,0
250,208,47,0
238,198,45,0
226,188,43,0
214,178,41,0
202,168,39,0
190,158,37,0
178,148,35,0
171,138,33,1
191,127,40,1
233,121,56,1
300,120,100,1
300,125,100,1
300,141,92,1
195,177,90,1
186,167,85,0
197,157,80,0
300,147,75,0
300,137,69,0
300,127,64,0
300,117,59,0
300,107,54,0
300,114,51,1
163,195,52,1
135,299,60,1
154,293,77,1
300,300,117,1
300,300,244,1
300,104,263,1
300,86,256,0
300,76,250,0
300,66,243,0
300,56,237,0
288,50,300,1
294,58,300,1
300,300,32,1
300,300,28,1
271,250,36,1
238,254,300,1
223,258,300,0
218,248,300,0
213,238,300,0
208,228,300,0
203,218,300,0
198,208,300,0
194,198,300,0
189,188,300,0
184,178,300,0
179,168,300,0
174,158,300,0
169,148,300,0
164,138,300,0
160,128,300,0
166,109,300,2
152,95,250,2
110,84,222,2
85,77,300,2
68,276,300,2
57,228,300,2
50,176,221,2
230,300,161,0
224,300,153,0
218,300,175,0
213,300,201,0
207,300,226,0
202,300,300,0
196,300,300,0
189,300,300,1
180,89,252,1
176,104,300,1
179,145,300,1
189,155,60,1
211,143,71,1
83,137,96,1
80,127,101,0
219,117,106,0
200,107,110,0
210,99,105,1
245,98,88,1
231,103,77,1
226,116,71,1
220,120,67,0
212,110,61,0
203,100,56,0
194,90,50,0
186,80,45,0
185,97,42,1
194,167,43,1
179,153,49,1
150,146,64,1
132,144,101,1
122,143,130,0
116,133,121,0
111,123,111,0
106,113,102,0
101,103,93,0
96,93,84,0
91,83,75,0
82,85,65,1
75,94,58,1
69,73,55,1
65,58,57,1
262,111,50,1
222,99,51,1
181,87,56,0
182,77,55,0
183,67,54,0
151,57,68,1
130,49,52,1
116,44,39,1
160,103,130,0
149,93,118,0
133,83,105,0
117,73,92,0
101,63,80,0
52,89,178,0
46,79,170,0
40,69,162,0
35,59,153,0
29,49,145,0
105,154,300,2
123,144,300,0
121,134,300,0
112,124,300,0
103,114,300,0
94,104,300,0
85,94,300,0
76,84,300,0
65,83,300,2
58,229,300,2
55,190,300,2
55,300,300,2
300,300,300,2
178,300,95,2
158,300,83,0
163,300,80,0
168,300,285,0
173,300,282,0
178,300,279,0
183,300,276,0
300,300,273,0
300,300,270,0
300,300,267,0
300,300,264,0
300,300,261,0
300,300,258,0
300,300,255,0
300,300,252,0
300,300,249,0
300,300,246,0
131,293,243,0
120,283,240,0
109,273,237,0
98,263,234,0
86,253,231,0
86,243,228,0
91,233,225,0
96,223,222,0
238,213,219,0
227,203,216,0
216,193,213,0
205,183,211,0
193,173,208,0
182,163,205,0
171,153,202,0
160,143,199,0
149,133,196,0
138,123,193,0
126,113,190,0
115,103,187,0
104,93,179,0
91,84,172,2
74,81,159,2
64,83,147,2
57,91,140,2
54,112,137,2
55,126,139,2
61,112,147,2
76,102,166,2
102,97,208,2
90,88,203,0
80,78,180,0
67,72,218,2
56,72,300,2
49,77,300,2
46,94,300,2
46,143,300,2
50,281,300,2
63,272,300,2
78,268,300,0
83,258,300,0
88,248,300,0
92,238,300,0
97,228,300,0
101,218,300,0
106,208,300,0
110,198,300,0
115,188,300,0
119,178,300,0
124,168,300,0
129,158,300,0
133,148,300,0
138,138,300,0
142,128,300,0
134,118,300,0
122,108,300,0
111,98,300,0
100,88,300,0
86,79,300,2
70,75,300,2
58,74,300,2
51,80,229,2
48,223,230,2
48,300,300,2
52,300,300,2
206,278,219,2
300,190,198,2
300,180,186,0
300,170,182,0
300,160,179,0
300,150,176,0
300,140,172,0
300,130,300,0
300,120,300,0
300,110,300,0
300,100,300,0
300,90,300,0
256,82,300,2
300,81,300,2
60,85,123,2
55,297,118,2
54,298,300,2
57,271,300,2
300,261,300,0
300,251,300,0
207,241,82,0
189,231,70,0
179,221,58,0
177,211,46,0
175,201,34,0
173,191,33,0
170,181,36,0
149,182,183,1
296,192,163,1
300,179,152,1
300,142,149,1
300,118,154,1
300,102,168,1
300,300,125,1
300,300,104,0
300,300,91,0
300,300,78,0
300,224,61,1
258,300,62,1
83,300,300,1
75,300,300,1
68,300,191,1
62,230,300,0
52,220,300,0
42,300,300,2
110,300,300,2
300,300,162,2
177,300,300,2
300,300,300,2
300,285,300,2
300,274,160,0
300,264,160,0
300,254,297,0
300,244,297,0
300,234,297,0
300,224,296,0
300,215,288,1
300,211,63,1
300,217,62,1
300,235,188,1
300,272,180,1
300,300,180,1
146,300,190,1
142,300,187,0
149,300,183,0
156,297,180,0
300,287,176,0
295,277,173,0
284,267,169,0
273,257,166,0
263,247,162,0
252,237,159,0
241,227,155,0
231,217,152,0
220,207,148,0
209,197,145,0
199,187,141,0
188,177,138,0
178,167,134,0
167,157,131,0
156,147,127,0
146,137,124,0
135,127,120,0
124,117,117,0
114,107,113,0
103,97,110,0
99,84,114,1
103,73,102,1
113,64,75,1
141,58,57,1
241,54,45,1
300,53,37,1
300,57,32,1
300,73,29,1
300,141,30,1
167,294,33,0
300,284,33,0
300,274,33,0
300,264,32,0
300,254,32,0
300,244,32,0
300,234,32,0
300,224,32,0
300,214,32,0
300,204,32,0
300,194,32,0
300,184,31,0
300,174,31,0
300,164,31,0
300,154,31,0
300,145,36,1
254,141,54,1
231,143,106,1
217,300,117,1
300,300,111,1
300,300,111,1
137,197,118,1
111,182,300,0
113,172,300,0
114,162,300,0
300,152,300,0
300,142,300,0
300,132,300,0
300,122,300,0
300,112,300,0
300,102,300,0
300,92,300,0
300,82,300,0
279,71,99,1
300,63,73,1
300,300,56,1
300,300,44,1
300,300,36,1
300,267,300,1
300,300,300,0
300,300,300,0
300,300,300,0
300,300,300,0
286,214,300,2
273,175,300,2
273,300,189,2
243,250,300,2
152,291,300,2
300,277,300,2
197,181,300,2
201,144,245,0
207,134,242,0
214,124,300,0
220,114,300,0
226,104,300,0
233,94,300,0
226,84,300,0
207,76,300,2
186,217,195,2
174,245,300,2
49,300,300,2
177,300,300,2
194,300,125,2
228,149,99,2
264,300,88,0
266,300,87,0
268,300,85,0
270,300,83,0
272,300,300,0
274,300,300,0
230,79,300,1
196,71,300,1
174,66,300,1
160,267,52,1
151,204,44,1
147,166,39,1
148,142,300,1
151,126,218,0
139,116,200,0
127,106,183,0
115,96,166,0
103,86,148,0
91,76,131,0
79,66,114,0
61,59,128,2
48,54,190,2
39,52,288,2
32,54,284,2
29,64,290,2
28,104,300,2
31,252,300,2
41,246,300,2
65,250,300,2
83,244,300,0
94,234,300,0
104,224,300,0
115,214,300,0
126,204,300,0
137,194,300,0
148,184,300,0
159,174,300,0
161,164,300,0
152,154,300,0
142,144,300,0
132,134,300,0
122,124,300,0
112,114,283,0
102,104,258,0
92,94,233,0
83,84,208,0
73,74,183,0
61,66,200,2
51,65,274,2
44,69,267,2
40,82,269,2
40,124,283,2
43,239,300,2
54,229,300,2
59,221,300,0
62,211,300,0
65,201,300,0
67,191,300,0
70,181,300,0
73,171,300,0
76,161,300,0
78,151,300,0
81,141,300,0
84,131,300,0
86,121,300,0
89,111,300,0
92,101,300,0
94,91,152,0
97,81,136,0
77,75,300,2
63,72,300,2
54,74,300,2
48,82,256,2
46,300,262,2
47,300,300,2
54,300,300,2
70,218,221,2
211,208,205,0
199,198,203,0
187,188,200,0
190,178,198,0
300,168,196,0
300,158,300,0
300,148,300,0
300,138,300,0
300,128,300,0
300,118,300,0
300,108,300,0
300,98,300,0
300,88,300,0
300,78,300,0
300,67,101,1
300,300,72,1
272,219,52,1
248,300,43,1
114,300,300,1
229,282,300,1
231,240,190,1
225,226,300,0
215,216,300,0
205,206,300,0
66,196,300,0
56,186,300,0
46,176,300,0
51,166,300,0
129,175,300,2
137,196,300,2
134,241,135,2
138,300,134,2
134,300,124,0
130,300,114,0
126,300,104,0
122,300,94,0
118,297,84,0
114,287,90,0
110,277,99,0
106,267,300,0
102,257,300,0
98,247,300,0
94,237,300,0
90,227,300,0
87,217,297,0
83,207,287,0
79,197,277,0
75,187,267,0
71,177,256,0
67,167,246,0
63,157,236,0
59,147,226,0
55,137,216,0
51,127,205,0
47,117,195,0
49,172,207,2
58,159,232,2
78,153,282,2
127,154,300,2
133,162,300,2
124,183,300,2
121,214,300,0
115,204,300,0
109,194,300,0
104,184,300,0
98,174,268,0
93,164,260,0
87,154,251,0
81,144,243,0
76,134,234,0
70,124,226,0
65,114,217,0
59,104,209,0
53,94,200,0
48,84,192,0
44,93,189,2
44,146,196,2
49,160,300,2
62,151,300,2
92,148,300,2
135,153,296,2
123,300,281,2
116,300,274,0
109,300,267,0
101,300,261,0
94,300,254,0
86,300,247,0
79,300,240,0
71,300,234,0
64,292,227,0
57,282,220,0
49,251,213,2
45,300,211,2
263,300,300,2
264,300,300,2
198,177,300,2
300,172,166,2
300,300,171,2
300,300,300,0
300,300,154,0
300,300,128,0
300,300,123,0
118,300,118,0
109,300,113,0
100,300,108,0
91,300,102,0
82,300,283,0
73,300,278,0
64,300,273,0
55,300,268,0
46,300,260,2
300,204,248,2
300,247,244,2
297,251,93,2
299,237,243,0
295,227,233,0
291,217,222,0
300,207,212,0
300,197,202,0
300,190,188,1
254,193,169,1
243,143,159,1
300,113,157,1
300,92,162,1
300,81,162,0
300,71,151,0
300,61,129,0
300,51,108,0
300,41,87,0
300,170,47,1
300,159,25,1
300,155,25,1
300,300,147,1
280,300,132,1
300,300,125,1
300,300,119,0
300,300,112,0
300,300,286,0
300,300,280,0
300,300,274,0
300,300,267,0
189,300,261,0
182,300,254,0
174,300,248,0
166,300,241,0
158,300,235,0
151,300,228,0
300,300,222,0
300,300,216,0
298,300,209,0
291,300,203,0
283,300,196,0
275,294,190,0
268,284,183,0
260,274,177,0
252,264,170,0
244,254,164,0
237,244,158,0
229,234,151,0
221,224,145,0
214,214,138,0
206,204,132,0
198,194,125,0
191,184,119,0
183,174,112,0
175,164,106,0
168,154,100,0
160,144,93,0
152,134,87,0
144,124,80,0
137,114,74,0
130,116,68,1
128,131,67,1
131,113,71,1
139,100,81,1
159,92,105,1
205,87,88,1
201,78,77,0
175,68,67,0
265,64,55,1
300,65,46,1
300,72,41,1
300,93,38,1
174,173,39,1
175,300,46,1
300,300,57,0
300,300,60,0
161,297,63,0
144,287,66,0
127,277,69,0
110,267,72,0
107,257,75,0
105,247,78,0
103,237,81,0
101,227,84,0
221,217,87,0
219,207,90,0
217,197,93,0
214,187,96,0
212,177,99,0
210,167,102,0
208,157,105,0
206,147,108,0
204,137,111,0
300,127,114,0
300,117,117,0
300,107,120,0
173,103,105,1
158,300,89,1
148,300,80,1
142,300,75,1
300,142,258,1
300,124,300,1
300,113,300,0
300,103,300,0
300,93,300,0
92,87,300,2
76,84,300,2
65,300,221,2
59,300,300,2
57,300,300,2
300,300,201,2
300,184,220,2
300,173,214,0
300,163,200,0
300,153,186,0
300,143,172,0
300,133,158,0
300,123,144,0
300,113,130,0
300,103,119,0
300,93,119,0
300,83,262,0
300,74,287,1
300,223,243,1
300,232,214,1
300,255,47,1
300,300,191,1
178,300,193,1
169,300,188,0
184,300,184,0
300,300,179,0
300,300,174,0
300,300,169,0
300,300,164,0
300,300,159,0
292,300,155,0
283,300,150,0
274,294,145,0
264,284,140,0
255,274,135,0
246,264,130,0
237,254,126,0
227,244,121,0
218,234,116,0
209,224,111,0
199,214,106,0
190,204,101,0
181,194,97,0
171,184,92,0
162,174,87,0
153,164,82,0
143,154,77,0
134,144,72,0
125,134,68,0
115,124,63,0
113,106,63,1
116,92,69,1
125,81,83,1
147,74,81,1
206,70,65,1
300,69,54,1
300,74,47,1
300,88,43,1
300,132,43,1
170,300,47,1
164,300,46,0
166,300,45,0
167,300,44,0
169,300,43,0
143,292,50,1
144,292,70,1
300,300,123,1
300,300,265,1
300,294,256,0
300,284,249,0
300,274,242,0
300,264,234,0
300,254,227,0
300,244,220,0
53,234,212,0
43,224,205,0
37,300,200,2
33,300,201,2
163,300,211,2
188,169,166,2
300,162,138,2
300,154,129,0
300,144,126,0
300,134,123,0
300,124,120,0
300,114,117,0
300,104,114,0
300,92,126,1
300,82,104,1
300,222,80,1
153,300,65,1
142,300,55,1
135,300,189,1
133,300,300,1
123,300,300,0
114,300,300,0
104,300,300,0
95,300,300,0
86,300,300,0
76,300,300,0
67,300,300,0
57,300,300,0
48,300,300,0
39,300,300,0
53,300,300,0
67,300,300,0
81,300,300,0
300,300,300,0
300,300,300,0
300,300,300,0
299,300,300,0
290,300,298,0
280,296,294,0
271,286,289,0
261,276,284,0
252,266,279,0
242,256,275,0
53,252,267,2
43,278,251,2
207,300,244,2
211,263,246,2
227,233,258,2
259,216,282,2
267,206,241,0
254,196,239,0
241,186,238,0
228,176,237,0
215,166,236,0
202,156,235,0
189,146,226,0
176,136,211,0
163,126,195,0
150,116,180,0
137,106,164,0
124,96,149,0
120,86,122,1
134,77,91,1
171,71,72,1
202,69,58,1
191,71,50,1
187,79,45,1
190,105,43,1
200,167,44,1
223,155,52,1
270,148,69,1
300,148,113,1
300,141,133,0
300,131,124,0
300,121,115,0
300,111,105,0
282,101,96,0
289,93,85,1
300,96,74,1
300,107,67,1
300,135,65,1
164,216,67,1
295,300,75,1
162,300,74,0
149,300,73,0
136,300,72,0
123,294,71,0
119,284,70,0
120,274,69,0
121,264,68,0
122,254,67,0
276,244,66,0
277,234,65,0
278,224,64,0
300,214,63,0
300,204,63,0
300,194,62,0
300,184,61,0
300,174,60,0
300,164,59,0
300,154,58,0
300,144,57,0
300,134,56,0
300,123,60,1
300,116,79,1
198,113,112,1
182,116,97,1
173,300,88,1
300,300,83,0
159,300,77,0
151,300,72,0
143,300,66,0
134,300,60,0
126,300,54,0
117,300,300,0
109,300,300,0
101,300,266,0
92,300,221,0
84,300,198,0
76,300,193,0
67,300,187,0
300,300,300,2
227,300,300,2
300,300,300,2
300,300,300,0
300,300,300,0
300,294,300,0
300,284,300,0
300,274,298,0
300,264,287,0
300,254,276,0
300,244,266,0
300,234,255,0
300,224,244,0
300,214,62,0
300,204,51,0
300,194,41,0
300,184,47,0
300,174,53,0
300,164,59,0
300,154,65,0
289,144,71,0
268,134,77,0
248,124,83,0
228,114,89,0
208,104,95,0
188,94,101,0
243,89,85,1
300,90,73,1
297,98,65,1
299,118,61,1
300,174,62,1
300,271,68,1
300,260,82,1
201,260,113,1
199,271,194,1
300,281,236,0
300,271,228,0
189,261,219,0
152,251,211,0
146,241,203,0
141,231,194,0
135,221,186,0
129,211,177,0
124,201,169,0
300,191,161,0
300,181,152,0
300,171,144,0
300,161,135,0
300,151,127,0
300,141,118,0
297,131,110,0
291,121,102,0
286,111,93,0
280,101,85,0
274,91,76,0
264,89,67,1
258,99,61,1
300,126,59,1
300,207,60,1
300,228,68,1
248,221,86,1
231,300,127,1
254,300,165,0
228,300,177,0
202,300,189,0
193,300,184,0
188,300,174,0
184,300,164,0
179,300,155,0
175,300,145,0
170,300,135,0
166,300,125,0
162,300,116,0
157,300,106,0
153,300,96,0
148,300,87,0
144,300,77,0
140,300,67,0
285,300,57,0
280,300,48,0
276,300,38,0
281,300,171,1
108,300,159,1
101,300,154,1
95,300,300,0
86,300,300,0
77,300,300,0
68,300,300,0
81,300,300,0
99,300,300,0
116,300,300,0
300,300,300,0
300,300,300,0
300,300,296,0
300,300,291,0
300,300,285,0
300,300,280,0
299,300,275,0
290,300,270,0
281,300,265,0
95,298,260,0
86,288,255,0
77,278,250,0
67,268,245,0
58,258,240,0
53,248,235,0
70,238,230,0
208,228,225,0
199,218,220,0
190,208,215,0
181,198,210,0
172,188,205,0
162,178,200,0
153,168,195,0
144,158,190,0
135,148,185,0
126,138,180,0
117,128,175,0
108,118,170,0
99,108,165,0
89,98,160,0
80,88,155,0
71,78,150,0
62,68,145,0
52,65,135,2
44,68,127,2
40,79,123,2
39,114,123,2
42,100,127,2
52,90,139,2
74,83,168,2
73,80,243,2
62,81,300,2
56,88,300,2
52,108,300,2
53,168,300,2
50,158,300,0
47,148,300,0
44,138,300,0
41,128,300,0
37,118,300,0
34,108,290,0
33,138,300,2
38,234,300,2
50,228,300,2
82,233,300,2
104,227,300,0
117,217,300,0
130,207,300,0
142,197,300,0
155,187,300,0
168,177,300,0
160,167,300,0
151,157,300,0
141,147,300,0
131,137,300,0
122,127,300,0
112,117,300,0
103,107,300,0
93,97,300,0
83,87,300,0
74,77,300,0
64,67,300,0
53,63,300,2
44,64,300,2
39,211,213,2
37,300,217,2
38,300,300,2
204,300,300,2
175,174,210,2
300,176,200,2
300,166,182,0
300,156,178,0
300,146,173,0
300,136,169,0
300,126,164,0
283,116,300,0
273,106,300,0
263,96,300,0
254,86,300,0
244,76,300,0
235,66,300,0
52,60,300,2
43,59,288,2
37,252,112,2
34,298,109,2
34,269,109,2
191,252,300,2
244,246,300,2
263,89,300,0
264,79,300,0
252,69,300,0
245,205,55,1
197,194,31,1
169,190,30,1
169,194,184,1
300,210,167,1
300,171,159,1
300,139,159,1
300,124,159,0
300,114,154,0
300,104,150,0
300,94,146,0
300,84,141,0
300,72,139,1
300,58,102,1
300,300,66,1
300,263,45,1
271,300,30,1
271,300,175,0
250,300,166,0
245,300,173,0
240,300,300,0
234,300,300,0
229,300,300,0
300,300,300,2
300,130,128,2
300,268,137,2
300,263,156,2
285,258,158,0
274,248,139,0
263,238,119,0
79,228,100,0
68,218,80,0
61,208,60,0
67,198,55,0
72,188,52,0
78,178,164,0
83,168,161,0
88,158,158,0
94,148,154,0
99,138,151,0
105,128,148,0
110,118,145,0
116,108,142,0
108,98,139,0
97,88,136,0
86,78,133,0
71,70,122,2
58,68,110,2
49,69,101,2
44,78,95,2
42,91,92,2
43,76,91,2
51,65,93,2
65,56,102,2
51,47,97,0
38,79,111,2
33,69,102,0
28,59,92,0
23,49,83,0
40,70,300,2
64,64,300,2
52,60,154,2
46,300,147,2
46,300,149,2
49,124,156,2
300,113,147,2
300,105,136,0
300,95,134,0
300,85,132,0
300,75,125,0
300,64,94,1
278,54,66,1
244,47,48,1
300,42,36,1
300,38,28,1
300,249,21,1
178,213,18,1
186,300,300,1
204,300,300,1
214,300,212,0
201,300,200,0
185,298,187,0
169,288,174,0
153,278,161,0
138,268,149,0
122,258,136,0
106,248,123,0
90,238,116,0
74,228,117,0
58,218,119,0
45,208,121,0
242,300,98,2
300,300,84,2
300,300,94,2
172,112,108,0
164,102,61,0
155,92,53,0
147,82,48,0
139,72,42,0
134,76,37,1
135,300,37,1
300,300,40,1
256,300,49,1
222,94,300,1
201,92,300,1
188,288,300,1
181,265,300,0
174,255,300,0
167,245,50,0
160,226,43,1
156,182,38,1
156,155,300,1
163,136,235,1
179,124,172,1
159,116,139,0
157,106,127,0
154,96,115,0
148,86,103,0
131,76,91,0
98,65,87,2
69,55,91,2
50,48,104,2
37,42,148,2
28,38,300,2
22,37,300,2
18,40,300,2
16,60,300,2
18,270,300,2
21,261,300,0
22,251,300,0
24,241,300,0
25,231,300,0
26,221,300,0
28,211,300,0
29,201,300,0
31,191,296,0
32,181,280,0
33,171,265,0
35,161,249,0
36,151,234,0
38,141,218,0
39,131,203,0
40,121,187,0
42,111,171,0
43,101,156,0
62,94,189,2
85,92,277,2
73,94,300,2
66,105,300,2
64,131,300,2
65,205,300,2
66,274,300,0
64,264,300,0
61,254,300,0
59,244,300,0
56,234,300,0
54,224,300,0
52,214,300,0
49,204,300,0
47,194,300,0
45,184,300,0
42,174,250,0
40,164,238,0
46,189,300,2
60,183,300,2
97,184,300,2
165,189,297,0
156,179,292,0
148,169,286,0
139,159,281,0
130,149,300,0
121,139,300,0
113,129,300,0
104,119,300,0
95,109,300,0
87,99,300,0
78,89,300,0
69,79,300,0
61,69,300,0
51,68,300,2
45,73,214,2
41,300,216,2
42,300,300,2
43,300,300,0
238,300,300,0
221,300,300,0
205,300,195,0
189,300,182,0
172,298,170,0
156,288,157,0
140,278,145,0
123,268,132,0
107,258,120,0
102,248,107,0
101,238,95,0
250,228,86,0
248,218,88,0
247,208,90,0
245,198,92,0
243,188,95,0
242,178,97,0
240,168,99,0
238,158,101,0
237,148,103,0
235,138,300,0
233,128,300,0
232,118,298,0
230,108,293,0
228,98,295,0
227,88,297,0
225,78,299,0
231,67,287,2
284,300,300,2
53,300,300,2
40,300,300,2
300,262,300,2
296,300,300,2
294,300,300,0
288,300,300,0
282,300,300,0
277,300,214,0
271,300,206,0
266,300,201,0
260,300,228,0
254,300,255,0
249,300,283,0
243,300,286,0
238,300,277,0
232,300,269,0
226,300,260,0
221,295,252,0
188,285,243,0
147,275,235,0
105,265,226,0
64,255,218,0
39,245,209,0
36,215,210,2
214,89,221,2
249,177,175,2
203,169,146,2
62,169,128,2
51,162,121,0
60,152,117,0
71,142,113,0
82,132,108,0
94,122,104,0
105,122,94,2
95,122,86,2
90,94,79,2
91,75,75,2
88,58,227,0
62,48,194,2
43,39,167,2
30,32,197,2
20,23,193,0
12,13,159,0
12,300,300,0
171,300,300,0
156,300,300,0
141,300,300,0
127,300,300,0
112,300,300,0
97,300,300,0
82,300,300,0
67,300,300,0
53,300,300,0
47,300,300,0
46,300,300,0
74,162,300,2
300,300,300,2
300,300,287,2
300,300,278,0
124,300,271,0
117,300,264,0
110,300,257,0
103,300,250,0
96,300,243,0
89,300,236,0
262,300,228,0
255,300,221,0
248,300,214,0
241,290,207,0
234,280,200,0
227,270,193,0
220,260,186,0
213,250,178,0
206,240,171,0
199,230,164,0
192,220,157,0
185,210,150,0
178,200,143,0
171,190,136,0
164,180,128,0
157,170,121,0
150,160,114,0
143,150,107,0
136,140,100,0
129,130,93,0
122,120,86,0
116,133,80,1
113,117,79,1
113,99,83,1
118,87,95,1
131,78,94,1
163,72,73,1
300,88,61,1
300,102,57,1
300,107,53,0
300,97,48,0
300,129,47,1
165,300,50,1
158,300,51,0
160,299,50,0
300,289,48,0
300,279,47,0
300,269,46,0
300,259,45,0
300,249,44,0
300,239,43,0
300,229,42,0
300,219,41,0
300,209,39,0
300,199,38,0
300,188,40,1
266,181,53,1
236,182,86,1
260,300,163,1
300,300,152,1
300,300,146,0
300,300,140,0
300,300,134,0
300,300,127,0
300,300,121,0
300,300,114,0
300,300,108,0
300,300,101,0
138,300,235,0
130,300,229,0
123,300,223,0
115,300,216,0
107,300,210,0
100,300,203,0
92,300,197,0
84,300,300,0
77,300,300,0
69,300,300,0
61,300,300,0
53,300,300,0
46,300,300,2
300,300,163,2
189,300,152,2
300,300,158,2
300,300,160,0
300,292,146,0
300,282,133,0
300,272,120,0
300,262,107,0
300,252,94,0
300,242,81,0
300,232,68,0
300,222,70,0
300,212,71,0
300,202,72,0
293,192,73,0
277,182,74,0
262,172,75,0
247,162,76,0
232,152,77,0
216,142,79,0
201,132,80,0
186,122,81,0
170,112,82,0
155,102,83,0
140,92,84,0
131,82,90,1
158,76,81,1
233,72,65,1
300,72,55,1
300,78,48,1
300,97,45,1
300,155,46,1
300,172,44,0
300,162,42,0
300,152,39,0
294,142,37,0
283,132,34,0
271,122,32,0
260,112,29,0
248,102,27,0
277,199,30,1
300,192,39,1
300,194,64,1
300,205,149,1
300,200,165,0
300,190,157,0
300,180,149,0
300,170,140,0
300,160,132,0
300,150,124,0
300,140,116,0
300,130,107,0
300,120,99,0
300,110,91,0
300,100,83,0
300,90,74,0
300,80,66,0
300,70,58,0
300,70,50,1
300,78,44,1
300,102,42,1
300,192,44,1
133,286,51,1
140,283,68,1
300,300,91,0
130,300,98,0
109,300,105,0
90,300,113,0
87,300,120,0
83,300,128,0
79,300,135,0
76,300,143,0
185,300,150,0
180,300,158,0
176,300,165,0
173,300,172,0
169,300,171,0
165,300,160,0
162,300,150,0
158,300,139,0
154,300,129,0
151,292,118,0
147,282,107,0
144,272,97,0
140,262,86,0
300,252,76,0
124,300,62,1
113,300,51,1
106,300,300,1
102,278,219,1
94,263,300,0
84,253,300,0
74,243,300,0
65,233,300,0
55,223,300,0
44,300,300,2
51,300,300,2
300,300,300,2
183,300,300,2
300,300,300,2
300,296,300,0
300,286,300,0
300,276,300,0
300,266,300,0
300,256,300,0
300,246,297,0
300,236,285,0
300,226,272,0
300,216,77,0
300,206,65,0
300,196,53,0
300,190,62,1
300,194,108,1
300,209,167,1
300,213,159,0
300,203,151,0
300,193,144,0
294,183,136,0
287,173,129,0
280,163,121,0
274,153,114,0
267,143,106,0
260,133,99,0
254,123,92,0
247,113,84,0
240,111,77,1
238,133,73,1
245,188,73,1
263,216,79,1
299,203,94,1
300,199,126,1
300,203,195,1
300,193,186,0
300,183,176,0
300,173,166,0
300,163,157,0
300,153,147,0
300,143,138,0
300,133,128,0
300,123,118,0
300,113,109,0
276,103,99,0
249,93,90,0
222,83,80,0
220,75,69,1
300,75,58,1
300,80,51,1
300,97,48,1
300,146,48,1
300,277,53,1
133,267,62,0
277,257,63,0
277,247,64,0
276,237,65,0
275,227,66,0
274,217,67,0
273,207,68,0
272,197,69,0
300,187,70,0
300,177,71,0
300,167,72,0
300,157,74,0
300,147,75,0
300,137,76,0
300,127,77,0
300,119,92,1
213,116,116,1
195,300,100,1
185,300,91,1
179,300,85,0
171,300,79,0
163,300,73,0
155,300,67,0
147,300,60,0
139,300,54,0
131,300,189,0
123,300,183,0
115,300,177,0
107,300,171,0
99,300,164,0
91,300,158,0
83,300,300,0
75,300,300,0
96,300,300,0
300,300,300,0
300,300,300,0
300,300,300,0
300,300,296,0
300,300,290,0
300,300,284,0
300,300,278,0
300,300,272,0
137,300,265,0
129,300,259,0
121,300,253,0
113,300,247,0
105,300,241,0
97,300,235,0
112,300,228,0
252,300,222,0
244,300,216,0
236,297,210,0
228,287,204,0
220,277,197,0
212,267,191,0
204,257,185,0
196,247,179,0
188,237,173,0
181,227,167,0
173,217,160,0
165,207,154,0
157,197,148,0
149,187,142,0
141,177,136,0
133,167,129,0
125,157,123,0
117,147,117,0
109,137,111,0
101,127,105,0
93,130,97,2
88,108,91,2
89,87,87,2
95,72,86,2
85,61,87,2
54,78,300,2
49,89,300,2
48,122,300,2
51,254,300,2
60,264,300,2
64,255,300,0
65,245,300,0
66,235,300,0
67,225,300,0
69,215,300,0
70,205,300,0
71,195,300,0
72,185,300,0
73,175,300,0
75,165,300,0
76,155,300,0
77,145,300,0
78,135,300,0
79,125,300,0
81,115,300,0
82,105,160,0
92,96,300,2
93,91,300,2
78,89,300,2
68,94,300,2
63,107,259,2
61,300,300,2
60,300,300,0
56,300,300,0
52,300,300,0
49,300,232,0
45,300,222,0
42,300,211,0
38,300,201,0
34,300,190,0
231,300,180,0
227,300,169,0
224,300,159,0
220,300,148,0
213,300,138,0
192,300,135,0
170,300,143,0
148,300,150,0
127,300,158,0
105,300,165,0
84,300,173,0
62,300,300,0
54,300,300,0
50,300,300,0
193,300,300,2
226,179,128,2
289,300,107,2
300,300,101,0
300,300,99,0
300,300,96,0
288,300,99,1
231,120,300,1
197,114,300,1
176,300,300,1
162,265,93,1
155,231,85,0
148,221,78,0
141,211,70,0
135,201,300,0
128,191,300,0
121,181,300,0
114,171,300,0
108,161,300,0
101,151,296,0
94,141,289,0
88,131,281,0
81,121,274,0
74,111,266,0
68,101,259,0
61,91,251,0
54,81,244,0
47,71,236,0
41,67,231,2
38,81,233,2
38,129,244,2
42,201,270,2
53,193,300,2
81,192,300,2
110,189,300,0
122,179,300,0
133,169,300,0
145,159,300,0
145,149,300,0
135,139,300,0
125,129,300,0
115,119,300,0
106,109,282,0
96,99,256,0
86,89,230,0
77,79,204,0
67,69,178,0
55,65,273,2
46,66,261,2
41,73,259,2
39,95,266,2
40,180,300,2
47,225,300,2
55,217,300,0
58,207,300,0
60,197,300,0
62,187,300,0
65,177,300,0
67,167,300,0
69,157,300,0
71,147,300,0
74,137,300,0
76,127,300,0
78,117,300,0
80,107,300,0
83,97,300,0
85,87,300,0
90,78,294,2
72,73,300,2
59,71,300,2
51,74,263,2
46,85,262,2
45,300,300,2
47,300,300,2
56,226,193,2
252,216,193,0
238,206,192,0
224,196,191,0
211,186,300,0
197,176,300,0
184,166,300,0
180,156,300,0
180,146,300,0
300,136,300,0
300,126,300,0
300,116,300,0
300,106,300,0
300,96,300,0
300,86,300,2
300,80,300,2
300,76,300,2
59,76,300,2
52,300,298,0
45,300,291,0
37,227,284,2
32,264,133,2
30,286,95,2
300,261,95,2
189,247,94,0
189,237,80,0
189,227,66,0
189,217,52,0
188,207,52,0
188,197,52,0
188,187,52,0
188,177,249,0
188,167,235,0
188,157,221,0
188,147,207,0
188,137,193,0
181,127,179,0
166,117,165,0
152,107,151,0
138,97,137,0
124,87,123,0
105,77,113,2
79,69,129,2
62,64,168,2
50,61,300,2
42,63,291,2
38,71,291,2
36,98,300,2
38,222,300,2
46,254,300,2
49,245,300,0
51,235,300,0
53,225,300,0
54,215,300,0
56,205,300,0
58,195,300,0
59,185,292,0
61,175,276,0
63,165,260,0
64,155,244,0
66,145,228,0
68,135,213,0
69,125,197,0
71,115,181,0
73,105,165,0
74,95,149,0
85,86,149,2
81,81,191,2
67,79,300,2
58,82,298,2
53,94,296,2
52,126,300,2
53,199,300,0
50,189,300,0
48,179,300,0
45,169,300,0
43,159,300,0
40,149,300,0
38,169,300,2
44,204,300,2
59,198,300,2
97,201,300,2
178,300,300,2
168,300,300,2
164,300,178,0
158,300,170,0
152,300,300,0
146,300,300,0
140,300,300,0
134,300,300,0
128,300,300,0
122,300,300,0
116,300,300,0
110,300,300,0
205,300,300,0
300,300,300,0
294,300,300,0
288,300,173,0
282,300,165,0
276,300,157,0
270,300,149,0
264,300,141,0
258,300,132,0
252,300,124,0
246,300,116,0
240,300,108,0
234,300,100,0
228,300,92,0
222,300,84,0
216,300,115,0
210,300,155,0
190,300,300,0
136,300,300,0
82,300,300,0
64,300,300,0
58,299,300,0
52,289,300,0
168,279,300,0
162,269,300,0
156,259,300,0
150,249,138,0
144,239,130,0
138,229,122,0
132,219,113,0
126,209,105,0
120,199,97,0
114,189,123,0
108,179,300,0
102,169,300,0
96,159,300,0
90,149,300,0
84,139,300,0
78,129,300,0
72,119,300,0
66,109,300,0
60,99,299,0
54,89,291,0
48,79,283,0
43,83,281,2
42,120,294,2
45,254,300,2
55,243,300,2
78,242,300,2
139,252,300,2
178,248,300,0
198,238,300,0
204,228,300,0
195,218,300,0
186,208,300,0
177,198,300,0
168,188,300,0
159,178,300,0
150,168,300,0
142,158,300,0
133,148,294,0
124,138,289,0
115,128,284,0
106,118,279,0
97,108,274,0
88,98,269,0
79,88,263,0
69,80,256,2
60,82,243,2
54,93,239,2
52,122,244,2
55,221,300,2
63,207,300,2
82,201,300,2
128,203,300,2
138,193,300,0
148,183,300,0
158,173,300,0
163,163,300,0
153,153,300,0
143,143,300,0
133,133,300,0
123,123,300,0
113,113,300,0
103,103,300,0
93,93,300,0
81,86,300,2
69,87,300,2
62,252,224,2
58,300,224,2
59,300,300,2
65,300,300,2
201,194,206,2
300,180,187,0
300,170,184,0
300,160,182,0
300,150,179,0
300,140,300,0
300,130,300,0
300,120,300,0
300,110,300,0
300,100,300,0
300,90,300,0
300,80,300,0
300,72,300,2
300,68,300,2
51,67,295,2
45,71,117,2
41,300,114,2
41,279,300,2
41,264,300,0
300,254,95,0
300,244,84,0
300,234,72,0
177,224,60,0
162,214,48,0
160,204,50,0
150,197,61,1
291,203,190,1
300,195,174,1
285,149,166,1
300,121,167,1
300,121,177,1
300,300,137,1
300,300,111,0
300,300,96,0
300,300,82,0
300,300,67,0
300,300,53,0
300,300,46,0
300,300,46,0
300,300,211,0
300,300,211,0
300,300,197,0
300,297,183,0
300,287,169,0
300,277,154,0
300,267,140,0
300,257,125,0
300,247,111,0
300,237,96,0
300,227,82,0
300,217,70,0
286,207,69,0
65,197,208,0
51,187,207,0
45,177,207,0
46,167,207,0
46,157,206,0
46,147,206,0
46,137,197,0
47,127,183,0
47,117,169,0
47,107,154,0
48,97,140,0
48,87,125,0
56,78,128,2
74,71,156,2
60,68,144,2
50,68,134,2
44,74,128,2
42,93,125,2
42,111,127,2
48,98,135,2
62,89,141,2
86,84,123,2
71,83,110,2
62,86,101,2
56,88,94,0
54,84,89,2
58,71,300,2
71,60,300,2
57,52,300,2
46,42,300,0
35,32,300,0
24,23,300,2
13,15,300,2
5,6,29,0
1,2,135,0
0,0,0,0
0,0,0,0
231,300,96,0
230,300,83,0
222,300,68,1
214,258,49,1
300,300,46,1
300,300,300,1
300,194,300,1
300,174,221,0
300,164,215,0
300,154,210,0
300,144,205,0
300,134,199,0
261,124,194,0
253,114,300,0
244,104,300,0
235,94,300,0
227,84,300,0
218,74,300,0
300,65,300,2
47,67,300,2
41,74,146,2
39,300,146,2
41,300,300,2
42,295,300,0
41,285,300,0
300,275,300,0
300,265,109,0
300,255,96,0
193,245,83,0
187,236,68,1
300,237,82,1
279,250,222,1
300,186,208,1
300,145,203,1
300,300,208,1
300,255,211,0
300,245,207,0
300,235,193,0
300,225,171,0
300,215,148,0
300,205,125,0
300,195,103,0
300,185,80,0
300,175,57,0
300,165,44,0
300,153,41,1
300,136,197,1
300,126,239,1
300,300,132,1
300,300,112,1
300,300,100,0
300,300,92,0
300,300,83,0
300,298,74,0
300,288,66,0
300,278,57,0
300,268,79,0
300,258,103,0
300,248,127,0
300,238,151,0
300,228,174,0
300,218,189,0
300,208,181,0
300,198,172,0
300,188,163,0
300,178,155,0
300,168,146,0
300,158,137,0
300,148,129,0
300,138,120,0
296,128,111,0
291,118,103,0
285,108,94,0
280,98,85,0
274,88,76,0
269,78,68,0
258,74,58,1
250,80,51,1
252,96,48,1
263,145,48,1
288,222,52,1
300,213,64,1
300,212,93,1
300,202,99,0
300,192,106,0
300,182,113,0
300,172,119,0
300,162,126,0
300,152,133,0
294,142,139,0
274,132,141,0
253,122,131,0
232,112,120,0
211,102,109,0
190,92,98,0
170,82,88,0
162,73,76,1
253,70,61,1
300,71,52,1
300,78,46,1
300,98,43,1
174,169,44,1
151,300,50,1
300,300,65,1
300,300,102,1
300,300,139,0
300,300,152,0
300,300,166,0
300,300,180,0
300,300,194,0
300,300,207,0
82,300,221,0
58,300,230,0
54,300,220,0
49,300,211,0
44,300,202,0
40,300,192,0
35,300,183,0
167,300,173,0
139,300,164,0
126,300,154,0
122,300,145,0
117,300,135,0
112,300,126,0
108,300,116,0
103,300,107,0
98,300,97,0
94,300,88,0
89,300,82,0
84,300,227,0
80,300,218,0
75,300,208,0
70,300,199,0
246,300,300,0
219,300,300,0
215,300,300,0
210,300,300,0
205,300,300,0
201,300,300,0
196,300,300,0
300,300,300,0
300,300,293,0
300,300,284,0
300,290,274,0
300,280,106,0
300,270,97,0
300,260,87,0
300,250,95,0
300,240,108,0
300,230,122,0
300,220,136,0
300,210,150,0
300,200,163,0
300,190,177,0
300,180,170,0
300,170,161,0
300,160,151,0
300,150,142,0
297,140,132,0
293,130,123,0
288,120,113,0
283,110,104,0
277,100,94,0
249,90,85,0
251,81,75,1
250,83,64,1
243,90,57,1
245,112,54,1
257,176,55,1
283,215,61,1
300,206,76,1
300,205,111,1
300,198,129,0
300,188,138,0
300,178,147,0
300,168,156,0
300,158,162,0
300,148,152,0
300,138,141,0
295,128,131,0
272,118,121,0
249,108,111,0
226,98,100,0
203,88,90,0
180,78,80,0
157,68,70,0
164,61,58,1
300,58,47,1
300,59,39,1
300,66,35,1
300,92,33,1
300,220,35,1
149,289,42,1
140,289,60,1
141,300,78,0
119,300,87,0
111,300,95,0
107,300,103,0
104,300,112,0
100,300,120,0
96,300,129,0
224,300,137,0
209,300,145,0
205,300,154,0
201,300,162,0
198,300,171,0
194,300,172,0
190,300,162,0
186,300,151,0
182,300,141,0
178,300,131,0
175,300,121,0
171,300,110,0
167,300,100,0
163,300,90,0
300,300,79,0
300,300,68,1
139,300,55,1
130,300,187,1
125,300,185,1
123,272,300,1
120,291,300,0
109,281,300,0
97,271,300,0
86,261,300,0
75,251,300,0
64,241,300,0
50,196,300,2
37,300,300,2
55,300,300,2
300,300,300,2
167,300,157,2
300,300,143,2
300,292,153,2
300,282,145,0
300,272,130,0
300,262,116,0
300,252,102,0
300,242,88,0
300,232,82,0
300,222,82,0
299,212,82,0
285,202,82,0
271,192,82,0
256,182,82,0
242,172,82,0
228,162,82,0
214,152,81,0
200,142,81,0
186,132,81,0
172,122,81,0
158,112,81,0
150,102,85,1
176,95,108,1
242,91,88,1
300,92,75,1
300,100,67,1
300,120,63,1
300,174,64,1
300,281,69,1
300,271,68,0
300,261,66,0
300,251,64,0
300,241,63,0
288,231,61,0
276,221,59,0
263,211,58,0
251,201,56,0
238,191,54,0
226,181,53,0
214,171,51,0
201,161,49,0
189,151,48,0
176,141,46,0
164,131,44,0
182,121,53,1
222,114,74,1
300,113,107,1
300,118,94,1
300,132,86,1
187,166,84,1
188,225,85,0
178,215,81,0
167,205,77,0
157,195,73,0
159,185,70,0
167,175,66,0
300,165,62,0
300,155,58,0
300,145,55,0
300,153,52,1
137,277,57,1
112,267,70,1
118,300,98,1
300,300,176,1
300,272,240,1
300,93,232,0
300,83,225,0
300,73,218,0
300,63,211,0
300,53,204,0
32,216,198,2
28,300,199,2
27,300,207,2
164,169,163,2
300,161,135,2
300,159,117,2
300,149,113,0
300,139,109,0
300,129,106,0
300,119,102,0
300,103,112,1
300,92,123,1
300,85,95,1
144,300,77,1
131,300,65,1
124,300,57,1
119,300,243,1
119,111,300,1
110,100,300,0
99,90,300,0
88,80,300,0
77,70,300,0
63,225,300,2
50,300,300,2
42,300,192,2
300,300,300,2
198,300,300,2
300,300,178,2
300,300,171,0
300,299,173,0
300,289,300,0
300,279,300,0
300,269,300,0
300,259,300,0
300,249,300,0
300,239,297,0
300,229,284,0
300,219,272,0
300,209,260,0
300,199,59,0
300,189,46,0
292,179,35,0
276,169,37,0
259,159,39,0
243,149,41,0
227,139,43,0
210,129,46,0
194,119,48,0
178,109,50,0
161,99,52,0
145,89,55,0
154,81,69,1
211,76,73,1
300,76,61,1
300,81,53,1
300,96,49,1
300,140,49,1
300,267,52,0
300,257,50,0
300,247,48,0
300,237,46,0
300,227,44,0
288,217,42,0
276,207,40,0
264,197,38,0
252,187,36,0
240,177,34,0
227,167,32,0
215,157,30,0
203,147,29,0
228,154,34,1
280,149,47,1
300,149,83,1
300,158,128,1
300,179,119,1
189,225,117,1
300,300,120,0
180,295,116,0
169,285,112,0
159,275,108,0
149,265,104,0
139,255,100,0
129,245,96,0
138,235,92,0
147,225,88,0
300,215,85,0
300,205,81,0
300,195,77,0
300,185,73,0
300,175,69,0
300,165,65,0
300,155,61,0
300,145,57,0
300,135,53,0
300,159,51,1
300,206,57,1
264,197,70,1
230,195,101,1
247,300,183,1
300,300,169,1
78,236,163,1
300,226,157,0
300,216,151,0
300,206,145,0
300,196,139,0
300,186,132,0
300,176,267,0
300,166,261,0
300,156,255,0
300,146,249,0
300,136,243,0
101,126,300,0
93,116,300,0
85,106,300,0
77,96,300,0
69,86,300,0
61,300,297,2
57,300,201,2
56,300,205,2
300,300,300,2
300,300,274,2
300,159,247,0
300,149,245,0
300,139,243,0
300,129,241,0
300,119,239,0
300,109,237,0
300,99,235,0
300,89,233,0
300,79,231,0
300,71,106,1
300,240,74,1
300,240,54,1
300,252,49,1
300,279,212,1
300,280,204,0
300,270,197,0
300,260,190,0
300,250,182,0
300,240,175,0
300,230,168,0
300,220,160,0
300,210,153,0
300,200,146,0
293,190,138,0
287,180,131,0
280,170,124,0
273,160,117,0
266,150,109,0
259,140,102,0
252,130,95,0
245,120,87,0
239,110,80,0
232,100,73,0
225,90,65,0
218,80,58,0
211,70,51,0
206,76,45,1
209,97,43,1
220,169,44,1
243,175,50,1
291,168,65,1
300,163,85,0
300,153,91,0
294,143,98,0
273,133,104,0
253,123,110,0
232,113,117,0
211,103,111,0
191,93,100,0
170,83,89,0
178,75,76,1
300,73,62,1
300,75,53,1
300,85,48,1
300,112,46,1
165,213,48,1
181,300,56,1
300,300,75,1
300,300,79,0
300,300,83,0
300,294,86,0
143,284,90,0
125,274,94,0
107,264,98,0
90,254,102,0
87,244,106,0
85,234,110,0
82,224,114,0
80,214,117,0
196,204,121,0
194,194,125,0
191,184,129,0
189,174,133,0
186,164,137,0
184,154,141,0
181,144,145,0
179,134,148,0
176,124,144,0
174,114,133,0
300,104,121,0
300,94,109,0
300,85,95,1
144,300,77,1
132,300,65,1
124,300,58,1
120,300,247,1
119,112,300,1
108,102,300,0
98,92,300,0
87,82,300,0
76,72,300,0
63,231,300,2
51,300,300,2
43,300,300,2
300,300,300,2
204,300,300,2
300,300,174,0
300,300,176,0
300,297,300,0
300,287,300,0
300,277,300,0
300,267,300,0
300,257,300,0
300,247,298,0
300,237,286,0
300,227,274,0
300,217,262,0
300,207,66,0
300,197,54,0
300,187,42,0
300,177,41,0
286,167,44,0
269,157,47,0
252,147,50,0
234,137,53,0
217,127,56,0
200,117,59,0
183,107,62,0
218,101,87,1
300,101,90,1
300,106,79,1
300,121,73,1
300,158,72,1
300,271,75,1
300,278,83,0
300,268,82,0
300,258,81,0
300,248,80,0
300,238,79,0
298,228,78,0
285,218,77,0
272,208,76,0
259,198,75,0
246,188,74,0
233,178,73,0
220,168,71,0
207,158,70,0
200,147,72,1
234,139,92,1
300,136,137,1
300,140,122,1
300,153,111,1
300,183,106,1
158,250,107,1
283,300,116,1
279,300,117,0
144,300,115,0
132,300,113,0
120,300,111,0
108,300,109,0
96,292,107,0
96,282,104,0
99,272,102,0
102,262,100,0
300,252,98,0
300,242,96,0
300,232,94,0
300,222,92,0
300,212,90,0
300,202,88,0
300,192,86,0
300,182,84,0
300,170,91,1
227,162,114,1
199,300,166,1
181,300,145,1
300,300,134,1
300,300,128,0
300,300,121,0
300,300,115,0
300,300,249,0
300,300,242,0
124,300,236,0
117,300,229,0
109,300,223,0
101,300,216,0
94,300,210,0
86,300,300,0
78,300,300,0
71,300,300,0
63,300,300,0
55,300,300,0
48,300,300,0
40,300,300,0
32,300,300,0
25,300,300,0
70,300,300,0
300,300,300,0
300,300,300,0
300,300,300,0
297,300,300,0
290,300,293,0
282,300,287,0
274,300,280,0
267,300,274,0
88,300,268,0
81,300,261,0
73,300,255,0
65,300,248,0
58,297,242,0
73,287,235,0
213,277,229,0
205,267,222,0
198,257,216,0
190,247,209,0
182,237,203,0
175,227,196,0
167,217,190,0
159,207,183,0
152,197,177,0
144,187,171,0
136,177,164,0
129,167,158,0
121,157,151,0
113,147,145,0
106,137,138,0
98,132,131,2
92,153,125,2
92,126,123,2
98,108,124,2
112,96,131,2
105,87,148,2
83,81,187,2
69,80,297,2
59,83,284,2
54,94,281,2
52,123,289,2
55,227,300,2
59,249,300,0
57,239,300,0
56,229,300,0
55,219,300,0
54,209,300,0
53,199,300,0
52,189,300,0
51,179,300,0
50,169,300,0
49,159,208,0
48,149,195,0
47,139,181,0
46,129,168,0
57,119,300,2
83,115,300,2
103,115,300,2
92,122,284,2
86,140,278,2
85,300,300,2
85,300,300,0
81,300,300,0
78,300,300,0
74,300,300,0
71,300,300,0
67,300,300,0
63,300,300,0
60,300,213,0
56,300,202,0
253,300,192,0
249,300,181,0
245,300,171,0
242,300,160,0
238,300,150,0
217,300,139,0
195,300,129,0
174,300,118,0
152,300,113,0
131,300,121,0
109,300,128,0
88,300,136,0
76,300,143,0
72,300,151,0
202,300,300,0
198,300,300,0
195,300,300,0
191,300,300,0
187,300,300,0
184,300,300,0
180,300,300,0
176,300,300,0
173,300,300,0
169,300,300,0
166,300,300,0
162,300,300,0
158,300,300,0
155,300,86,0
151,300,75,0
147,300,65,0
144,300,54,0
140,300,44,0
137,300,41,0
133,300,48,0
129,297,56,0
126,287,300,0
122,277,292,0
118,267,281,0
115,257,271,0
111,247,260,0
108,237,250,0
104,227,239,0
100,217,229,0
97,207,218,0
93,197,208,0
99,180,216,2
117,167,243,2
155,161,297,2
158,162,294,2
141,172,274,2
132,187,263,0
125,177,256,0
118,167,249,0
111,157,242,0
104,147,235,0
97,137,228,0
90,127,221,0
82,117,214,0
75,107,207,0
68,97,200,0
61,87,193,0
54,77,185,0
47,67,178,0
42,74,174,2
40,97,176,2
41,155,184,2
48,142,300,2
64,135,300,2
105,134,300,2
116,140,292,2
107,300,300,2
104,300,300,2
104,300,220,0
100,300,300,0
96,300,300,0
92,300,300,0
88,300,300,0
84,300,300,0
296,300,300,0
292,300,300,0
288,300,300,0
283,300,300,0
279,300,300,0
275,300,300,0
271,300,300,0
267,300,156,0
263,300,146,0
249,300,136,0
225,300,126,0
201,300,116,0
177,300,106,0
153,300,96,0
128,300,86,0
104,300,76,0
100,300,66,0
95,300,59,0
90,300,76,1
80,300,300,1
72,260,300,1
187,226,173,0
57,216,167,0
49,206,161,0
43,196,156,0
78,186,300,0
112,176,300,0
137,166,300,0
129,156,300,0
121,146,300,0
112,136,300,0
104,126,300,0
96,116,300,0
88,106,300,0
79,96,300,0
71,86,300,0
63,91,300,2
58,108,300,2
58,151,300,2
62,300,300,2
74,300,109,2
83,300,101,0
85,300,99,0
87,299,300,0
89,289,300,0
91,279,300,0
94,269,300,0
96,259,300,0
98,249,300,0
100,239,300,0
102,229,300,0
104,219,300,0
106,209,300,0
108,199,300,0
110,189,300,0
112,179,289,0
114,169,273,0
116,159,257,0
118,149,241,0
120,139,225,0
122,129,208,0
124,119,192,0
126,109,176,0
124,99,160,0
111,89,144,0
89,82,163,2
72,78,233,2
61,79,291,2
54,85,283,2
51,104,286,2
51,159,300,2
57,255,300,2
58,245,300,0
58,235,300,0
57,225,300,0
56,215,300,0
56,205,300,0
55,195,300,0
55,185,300,0
54,175,300,0
53,165,300,0
53,155,209,0
52,145,196,0
52,135,182,0
51,125,169,0
50,115,155,0
64,106,300,2
97,101,300,2
88,101,300,2
78,107,300,2
73,124,276,2
72,300,300,2
76,300,300,2
82,300,232,0
80,300,234,0
79,300,300,0
78,300,300,0
77,300,300,0
257,300,300,0
241,300,300,0
226,300,300,0
210,300,300,0
194,300,300,0
179,300,300,0
163,300,300,0
147,300,300,0
143,300,148,0
142,300,135,0
297,300,122,0
295,300,109,0
294,300,96,0
293,300,83,0
292,300,70,0
290,300,57,0
289,300,45,0
288,300,45,0
287,300,47,0
285,300,48,0
284,300,50,0
283,300,51,0
282,300,53,0
280,300,54,0
279,300,56,0
278,300,57,0
277,300,300,0
276,300,300,0
274,300,253,0
273,300,240,0
86,300,237,0
71,300,239,0
55,300,240,0
39,297,242,0
33,287,243,0
32,277,245,0
31,267,246,0
30,257,248,0
262,247,249,0
261,237,251,0
260,227,252,0
258,217,254,0
257,207,255,0
256,197,254,0
255,187,241,0
253,177,228,0
252,167,215,0
245,157,202,0
229,147,189,0
213,137,176,0
198,127,163,0
182,117,150,0
166,107,137,0
151,97,125,0
142,87,108,1
175,81,85,1
186,78,70,1
174,80,60,1
168,89,54,1
168,114,51,1
174,152,53,1
189,138,60,1
220,130,77,1
290,127,116,1
300,130,113,1
300,141,102,1
300,137,95,0
300,127,88,0
300,117,81,0
300,131,76,1
300,177,76,1
149,300,81,1
141,300,81,0
132,300,79,0
135,300,77,0
138,299,75,0
141,289,73,0
300,279,71,0
300,269,69,0
300,259,67,0
300,249,64,0
300,239,62,0
300,229,60,0
300,219,58,0
300,207,63,1
252,199,80,1
221,199,119,1
300,300,183,1
300,300,170,1
74,224,166,1
75,214,160,0
300,204,154,0
300,194,149,0
300,184,285,0
300,174,279,0
300,164,273,0
300,154,267,0
300,144,261,0
300,134,300,0
300,124,300,0
300,114,300,0
86,104,300,0
78,94,300,0
69,84,300,0
61,74,300,0
53,71,300,2
46,300,206,2
44,300,207,2
44,300,217,2
300,300,300,2
300,300,300,0
300,300,300,0
300,300,300,0
300,300,300,0
300,300,178,0
300,295,164,0
300,285,149,0
300,275,135,0
300,265,121,0
300,255,107,0
300,245,93,0
300,235,78,0
300,225,64,0
300,215,50,0
288,205,46,0
274,195,46,0
260,185,46,0
246,175,46,0
232,165,46,0
227,155,48,1
277,149,65,1
300,150,109,1
300,158,129,1
300,179,120,1
300,197,116,0
300,187,110,0
300,177,104,0
300,167,98,0
294,157,92,0
286,147,86,0
278,137,81,0
270,127,75,0
261,117,69,0
253,107,63,0
245,97,57,0
237,87,51,0
237,102,48,1
249,164,49,1
275,206,54,1
300,197,69,1
300,197,102,1
300,206,182,1
188,214,170,0
182,204,162,0
176,194,154,0
300,184,146,0
300,174,138,0
300,164,130,0
300,154,122,0
300,144,114,0
300,134,107,0
300,124,99,0
300,114,91,0
300,104,83,0
300,94,75,0
300,84,67,0
300,74,59,0
294,69,51,1
290,75,45,1
300,94,42,1
300,159,43,1
285,258,48,1
116,252,62,1
105,249,81,0
101,239,87,0
98,229,94,0
95,219,100,0
205,209,106,0
202,199,112,0
199,189,118,0
195,179,124,0
192,169,130,0
189,159,136,0
185,149,142,0
182,139,148,0
179,129,141,0
176,119,130,0
172,109,119,0
169,99,108,0
156,279,92,1
143,300,78,1
134,300,70,1
129,300,65,1
300,125,300,1
300,110,300,0
300,100,300,0
103,90,300,0
91,80,300,0
80,70,300,0
67,61,300,2
52,56,300,2
41,300,300,2
34,300,300,2
30,300,300,2
199,300,300,2
300,300,190,0
300,300,179,0
300,300,181,0
300,294,300,0
300,284,300,0
300,274,300,0
300,264,300,0
300,254,300,0
300,244,300,0
300,234,292,0
300,224,279,0
300,214,267,0
300,204,65,0
300,194,53,0
299,184,42,0
283,174,45,0
267,164,47,0
250,154,49,0
234,144,51,0
218,134,53,0
201,124,55,0
185,114,58,0
169,104,60,0
171,95,70,1
228,91,90,1
300,91,76,1
300,98,67,1
300,115,63,1
300,162,63,1
300,285,68,1
300,272,71,0
300,262,70,0
300,252,69,0
300,242,68,0
300,232,67,0
291,222,66,0
278,212,65,0
265,202,64,0
252,192,63,0
238,182,62,0
225,172,60,0
212,162,59,0
199,152,58,0
186,142,57,0
173,132,56,0
172,122,60,1
202,114,79,1
272,111,110,1
300,113,95,1
300,124,86,1
300,148,82,1
177,189,81,0
188,179,77,0
300,169,73,0
300,159,68,0
300,149,64,0
300,139,60,0
300,129,56,0
300,119,51,0
300,109,47,0
300,163,47,1
300,273,53,1
125,266,67,1
108,300,101,1
300,300,201,1
300,300,241,0
90,300,232,0
79,300,224,0
73,300,215,0
67,300,207,0
62,300,198,0
56,300,190,0
300,300,181,0
300,300,173,0
300,300,165,0
221,300,156,0
178,300,148,0
135,300,139,0
128,300,131,0
123,300,122,0
117,300,114,0
111,300,111,0
106,300,240,0
100,300,231,0
94,300,223,0
89,300,214,0
83,300,206,0
77,300,197,0
72,300,189,0
66,300,180,0
60,300,172,0
300,300,163,0
300,300,155,0
223,300,146,0
180,300,174,0
175,300,203,0
169,300,232,0
163,300,261,0
158,300,288,0
152,300,279,0
300,300,271,0
300,300,262,0
300,299,254,0
300,289,245,0
297,279,237,0
291,269,228,0
285,259,220,0
280,249,211,0
274,239,203,0
268,229,194,0
263,219,186,0
257,209,177,0
251,199,169,0
246,189,161,0
240,179,152,0
234,169,144,0
229,159,135,0
223,149,127,0
217,139,118,0
212,129,110,0
206,119,101,0
200,109,93,0
195,99,84,0
189,89,76,0
183,79,67,0
174,76,58,1
168,83,52,1
167,103,49,1
172,154,49,1
185,139,55,1
213,130,70,1
275,126,103,1
300,128,113,1
300,138,102,1
300,133,95,0
300,123,88,0
300,113,81,0
300,103,74,0
300,93,67,0
300,83,59,0
300,95,54,1
300,127,53,1
151,240,55,1
153,300,65,1
300,300,85,1
300,300,122,0
300,300,131,0
300,300,140,0
300,300,149,0
300,300,158,0
101,300,167,0
78,300,176,0
61,300,185,0
58,300,178,2
63,205,132,2
229,194,107,2
300,191,90,2
300,186,83,0
300,176,79,0
300,166,76,0
300,156,72,0
300,146,68,0
140,136,64,0
300,121,65,1
300,108,74,1
300,99,95,1
189,95,97,1
172,94,81,1
162,300,72,1
157,300,67,1
300,300,66,1
300,300,61,0
137,300,241,0
127,291,300,0
117,281,300,0
107,271,300,0
97,261,300,0
87,251,300,0
77,241,300,0
68,231,300,0
56,300,300,2
46,300,186,2
300,300,300,2
195,300,300,2
300,300,300,0
300,300,300,0
300,300,300,0
300,298,300,0
300,288,300,0
300,278,293,0
300,268,282,0
300,258,272,0
300,248,94,0
300,238,83,0
300,228,74,0
300,218,81,0
300,208,88,0
300,198,96,0
300,188,103,0
300,178,110,0
300,168,118,0
300,158,125,0
300,148,132,0
295,138,140,0
273,128,134,0
252,118,124,0
230,108,113,0
209,98,103,0
225,90,89,1
282,90,75,1
271,97,67,1
270,114,62,1
279,159,62,1
300,248,67,1
289,238,65,0
277,228,63,0
264,218,61,0
252,208,59,0
240,198,57,0
228,188,55,0
216,178,53,0
224,166,57,1
264,157,72,1
300,156,109,1
300,161,141,1
300,178,129,1
170,213,125,1
162,216,120,0
154,206,115,0
161,196,109,0
300,186,103,0
300,176,98,0
300,166,92,0
300,156,87,0
300,146,81,0
300,136,76,0
300,126,70,0
300,116,65,0
283,106,59,0
274,96,54,0
265,86,48,0
257,76,42,0
256,83,39,1
300,131,39,1
300,223,43,1
272,215,54,1
238,216,82,1
300,300,167,1
96,300,188,0
300,300,180,0
300,300,172,0
300,300,164,0
300,300,156,0
300,300,148,0
246,300,140,0
180,300,133,0
157,300,125,0
151,300,117,0
144,300,109,0
138,300,101,0
132,300,93,0
126,300,85,0
119,300,218,0
113,300,210,0
107,300,202,0
101,300,194,0
95,300,186,0
88,300,179,0
82,300,171,0
76,300,163,0
300,300,155,0
300,300,147,0
300,300,139,0
300,300,170,0
186,300,222,0
179,300,275,0
173,300,289,0
167,300,281,0
161,300,273,0
155,300,265,0
300,300,257,0
300,300,249,0
300,300,241,0
300,295,233,0
295,285,225,0
288,275,217,0
282,265,210,0
276,255,202,0
270,245,194,0
263,235,186,0
257,225,178,0
251,215,170,0
245,205,162,0
238,195,154,0
232,185,146,0
226,175,138,0
220,165,130,0
214,155,123,0
207,145,115,0
201,135,107,0
195,125,99,0
189,115,91,0
182,105,83,0
176,95,75,0
170,85,67,0
162,87,59,1
158,103,55,1
160,146,55,1
168,136,59,1
187,125,70,1
228,119,96,1
300,118,112,1
300,119,99,0
300,109,91,0
300,99,82,0
300,89,74,0
300,85,65,1
300,93,59,1
300,115,56,1
166,181,57,1
165,300,63,1
300,300,79,1
300,300,86,0
300,299,89,0
300,289,91,0
130,279,94,0
113,269,97,0
96,259,100,0
87,249,103,0
85,239,106,0
83,229,108,0
81,219,111,0
79,209,114,0
200,199,117,0
198,189,120,0
196,179,123,0
194,169,125,0
192,159,128,0
190,149,131,0
188,139,134,0
186,129,137,0
184,119,140,0
300,109,132,0
166,102,112,1
149,300,93,1
137,300,81,1
130,300,74,1
126,300,250,1
300,116,300,1
300,106,300,0
105,96,300,0
94,86,300,0
83,76,300,0
72,66,300,0
61,56,300,0
47,49,300,2
36,45,300,2
29,300,202,2
24,300,300,2
189,300,300,2
300,300,196,2
300,182,222,2
300,172,207,0
300,162,191,0
300,152,176,0
300,142,161,0
300,132,145,0
300,122,144,0
300,112,143,0
300,235,300,1
300,232,263,1
300,239,70,1
300,260,134,1
300,300,201,1
300,300,195,0
300,296,189,0
300,286,182,0
300,276,176,0
298,266,170,0
290,256,163,0
282,246,157,0
274,236,151,0
267,226,144,0
259,216,138,0
251,206,131,0
243,196,125,0
236,186,119,0
228,176,112,0
220,166,106,0
212,156,100,0
204,146,93,0
197,136,87,0
189,126,81,0
183,130,75,1
184,175,75,1
193,165,80,1
213,152,92,1
254,144,120,1
300,143,143,1
300,149,126,1
300,143,117,0
300,133,109,0
300,123,101,0
300,113,92,0
300,103,84,0
300,93,76,0
300,83,68,0
300,73,60,0
300,73,52,1
300,83,47,1
300,111,45,1
300,218,47,1
142,276,55,1
120,273,74,1
109,300,99,0
105,300,107,0
101,300,115,0
98,300,123,0
94,300,131,0
90,300,139,0
210,300,146,0
204,300,154,0
201,300,162,0
197,300,170,0
193,300,178,0
189,300,169,0
186,300,158,0
182,300,148,0
178,300,138,0
174,300,127,0
171,300,117,0
167,300,106,0
163,300,96,0
300,300,86,0
146,300,71,1
135,300,60,1
128,300,195,1
125,300,300,1
126,113,300,1
117,102,300,0
106,92,300,0
94,82,300,0
83,72,300,0
66,217,300,2
53,300,300,2
44,300,300,2
300,300,162,2
189,300,157,2
300,300,164,2
300,300,166,0
300,296,153,0
300,286,140,0
300,276,127,0
300,266,113,0
300,256,100,0
300,246,87,0
300,236,73,0
300,226,69,0
300,216,70,0
300,206,71,0
296,196,72,0
280,186,73,0
265,176,74,0
250,166,75,0
235,156,76,0
220,146,77,0
205,136,78,0
190,126,79,0
175,116,80,0
160,106,81,0
169,97,96,1
220,93,93,1
300,93,79,1
300,98,70,1
300,114,65,1
300,156,64,1
300,291,68,1
300,276,77,0
300,266,76,0
300,256,76,0
300,246,75,0
300,236,75,0
300,226,75,0
297,216,74,0
283,206,74,0
269,196,74,0
256,186,73,0
242,176,73,0
228,166,72,0
214,156,72,0
201,146,72,0
187,136,71,0
173,126,71,0
159,116,71,0
145,106,70,0
132,96,70,0
128,86,76,1
149,78,88,1
203,74,70,1
300,73,59,1
300,77,51,1
300,91,47,1
198,132,47,1
185,300,50,1
300,300,61,1
300,300,86,1
300,300,109,0
300,300,118,0
300,300,126,0
300,300,135,0
300,300,144,0
300,300,152,0
300,300,161,0
300,300,170,0
100,300,178,0
77,300,187,0
55,300,196,0
51,300,204,0
47,300,213,0
44,300,213,0
40,300,203,0
36,300,193,0
156,300,183,2
182,156,144,2
300,147,128,0
300,137,127,0
300,127,125,0
300,117,124,0
300,107,122,0
300,97,121,0
300,87,120,0
300,77,113,1
300,68,82,1
300,61,63,1
133,300,50,1
123,300,41,1
118,300,300,1
115,280,300,1
109,261,300,0
98,251,300,0
87,241,300,0
77,231,300,0
66,221,300,0
55,215,300,2
42,300,300,2
300,300,169,2
300,300,300,2
181,300,300,0
176,300,300,0
171,300,298,0
300,300,132,0
300,300,123,0
300,291,113,0
300,281,121,0
300,271,136,0
300,261,152,0
300,251,167,0
300,241,183,0
300,231,198,0
300,221,206,0
300,211,196,0
300,201,187,0
296,191,178,0
292,181,168,0
287,171,159,0
282,161,150,0
277,151,141,0
272,141,131,0
267,131,122,0
262,121,113,0
258,111,104,0
253,101,94,0
237,105,82,1
229,117,75,1
230,147,73,1
240,220,75,1
262,202,84,1
300,192,103,1
300,190,146,1
300,197,179,1
155,216,164,1
148,206,157,0
300,196,149,0
300,186,142,0
300,176,134,0
300,166,126,0
300,156,119,0
300,146,111,0
300,136,104,0
300,126,96,0
300,116,88,0
293,106,81,0
287,96,73,0
280,86,66,0
273,86,58,1
272,102,54,1
300,144,54,1
300,248,58,1
274,236,69,1
108,233,95,1
227,226,108,0
223,216,115,0
219,206,121,0
216,196,128,0
213,186,134,0
209,176,140,0
206,166,147,0
203,156,153,0
199,146,158,0
196,136,147,0
193,126,136,0
189,116,125,0
186,106,115,0
300,96,104,0
300,236,91,1
159,300,76,1
148,300,66,1
142,300,60,1
141,299,300,1
300,126,300,1
300,115,300,0
300,105,300,0
112,95,300,0
98,85,300,2
79,235,300,2
66,300,300,2
58,300,286,2
300,300,165,2
208,300,167,2
300,300,176,2
300,300,285,0
300,300,285,0
300,291,160,0
300,281,146,0
300,271,131,0
300,261,117,0
300,251,102,0
300,241,88,0
300,231,73,0
300,222,53,1
300,221,56,1
300,230,108,1
300,254,195,1
300,300,189,1
300,300,184,0
300,298,178,0
300,288,172,0
300,278,166,0
300,268,160,0
292,258,154,0
284,248,148,0
276,238,142,0
268,228,136,0
260,218,130,0
251,208,124,0
243,198,118,0
235,188,112,0
227,178,106,0
219,168,100,0
211,158,94,0
202,148,88,0
194,138,82,0
186,128,76,0
178,118,70,0
170,108,64,0
161,98,58,0
153,88,52,0
150,102,49,1
153,139,50,1
164,124,55,1
186,115,69,1
236,110,101,1
300,110,98,1
300,117,87,1
300,134,81,1
180,176,80,1
187,300,85,1
296,300,87,0
173,300,85,0
161,300,83,0
149,300,81,0
137,300,79,0
125,300,77,0
119,295,75,0
122,285,73,0
125,275,71,0
298,265,69,0
300,255,67,0
300,245,65,0
300,235,63,0
300,225,61,0
300,215,59,0
300,205,57,0
300,192,65,1
221,186,85,1
195,300,133,1
300,300,167,1
300,300,157,1
63,192,154,1
57,163,300,1
48,151,300,0
47,141,300,0
55,131,300,0
294,121,300,0
298,111,300,0
300,101,300,0
300,91,300,0
300,81,300,0
300,71,300,0
300,61,300,0
300,55,300,2
41,52,300,2
34,53,300,2
30,61,300,2
28,300,262,2
30,300,288,2
38,300,111,2
40,300,109,0
300,300,260,0
300,300,259,0
300,300,257,0
300,300,256,0
300,300,242,0
300,300,226,0
300,300,210,0
300,292,194,0
300,282,178,0
300,272,162,0
300,262,146,0
300,252,130,0
300,242,115,0
293,232,113,0
280,222,112,0
259,213,230,2
221,215,92,2
43,227,97,2
68,237,132,0
129,227,67,0
170,217,61,0
162,207,55,0
154,197,149,0
146,187,143,0
138,177,136,0
130,179,129,2
127,144,124,2
131,120,77,2
140,105,62,0
137,95,66,0
135,85,69,0
132,75,73,0
116,69,68,1
104,67,56,1
96,69,48,1
90,78,43,1
87,84,41,1
85,70,43,1
87,59,51,1
95,51,58,1
123,46,45,1
138,42,34,1
131,33,26,0
169,121,29,1
300,113,38,1
300,105,49,0
300,95,54,0
300,85,60,0
300,77,76,1
300,74,65,1
300,76,56,1
253,84,50,1
102,297,47,1
93,278,45,0
101,268,41,0
93,300,40,1
72,300,44,1
68,300,52,0
60,300,300,0
59,300,300,0
187,300,250,0
198,300,300,2
162,281,300,2
148,239,300,0
138,229,300,0
128,219,300,0
117,209,300,0
107,199,300,0
109,189,300,0
300,179,300,0
300,169,300,0
300,159,300,0
300,149,300,0
300,139,300,0
300,129,300,0
300,119,119,0
300,109,97,0
300,99,75,0
300,300,40,1
279,300,44,1
236,157,59,1
234,147,63,0
231,137,67,0
229,127,71,0
215,119,300,1
194,300,300,1
183,300,300,0
177,300,300,0
172,292,300,0
166,282,300,0
160,272,65,0
151,215,56,1
146,173,51,1
139,158,300,0
130,148,300,0
119,162,300,2
114,193,300,2
115,264,300,2
113,280,300,0
109,270,300,0
112,278,300,2
128,259,300,2
160,251,300,2
229,254,300,2
237,269,286,2
223,300,300,2
219,300,300,2
217,300,300,0
211,290,300,0
206,280,300,0
201,270,300,0
195,260,300,0
190,250,300,0
185,240,300,0
179,230,300,0
174,220,300,0
168,210,300,0
163,200,300,0
158,190,300,0
152,180,300,0
147,170,149,0
147,150,300,2
159,130,300,2
170,117,243,2
130,108,300,2
106,104,300,2
90,293,300,2
81,218,182,2
73,208,175,0
66,198,300,0
59,188,300,0
52,178,300,0
225,168,300,0
218,158,300,0
210,148,300,0
203,138,300,0
196,128,300,0
189,118,300,0
182,108,265,0
175,107,260,1
173,134,300,1
178,164,77,1
191,148,75,1
80,138,93,1
76,128,100,0
197,118,103,0
180,108,105,0
163,98,108,0
147,88,109,0
130,78,96,0
114,68,84,0
126,61,65,1
178,56,51,1
221,54,41,1
214,55,34,1
213,59,30,0
204,49,25,0
194,39,20,0
185,29,15,0
184,26,11,1
193,39,9,1
214,149,10,1
181,143,15,1
160,142,31,1
156,132,42,0
151,122,54,0
147,112,65,0
143,102,76,0
138,92,88,0
134,82,81,0
130,72,71,0
119,68,59,1
110,70,50,1
104,77,44,1
101,101,42,1
101,85,44,1
105,74,50,1
116,65,67,1
130,59,58,1
118,55,46,1
211,104,46,1
169,93,55,1
119,198,82,1
111,150,73,1
105,123,69,0
97,113,63,0
88,103,201,0
80,93,196,0
71,83,190,0
62,73,184,0
53,64,177,2
45,66,168,2
40,74,164,2
39,100,166,2
40,143,300,2
40,132,300,0
39,122,300,0
40,112,300,2
52,103,271,2
80,98,298,2
87,94,300,0
78,84,300,0
68,74,300,0
59,64,290,0
49,58,300,2
40,58,300,2
35,213,300,2
33,183,300,2
34,300,300,2
207,291,300,2
166,300,108,2
179,300,95,2
300,300,86,0
170,300,88,1
129,300,300,1
140,235,300,1
165,300,300,1
300,159,300,1
300,105,300,1
300,90,200,0
300,80,192,0
300,70,185,0
300,60,177,0
300,50,192,0
92,48,164,2
27,59,165,2
23,300,300,2
27,300,300,2
38,132,300,2
300,124,300,2
277,300,300,2
267,300,296,2
94,300,296,2
285,295,286,2
281,285,294,0
277,275,288,0
274,265,277,0
270,255,267,0
266,245,256,0
263,235,246,0
259,225,235,0
255,215,225,0
252,205,214,0
248,195,204,0
244,185,193,0
241,175,183,0
237,165,172,0
233,155,162,0
230,145,152,0
226,135,141,0
222,125,131,0
219,115,120,0
215,105,110,0
207,96,97,1
190,96,82,1
179,102,73,1
175,119,68,1
176,162,67,1
184,156,72,1
203,143,84,1
243,136,110,1
300,135,133,1
300,140,117,1
300,155,108,1
300,152,101,0
300,142,94,0
300,132,88,0
300,122,81,0
300,112,75,0
300,102,68,0
300,92,61,0
300,110,57,1
300,161,57,1
132,289,63,1
117,277,76,1
136,300,105,1
300,300,144,0
300,300,154,0
102,300,165,0
77,300,175,0
65,300,185,0
61,300,195,0
58,300,187,2
186,195,136,2
222,182,109,2
300,178,92,2
300,177,82,0
300,167,77,0
300,157,73,0
300,138,78,1
300,125,90,1
300,117,117,1
176,115,114,1
160,300,99,1
151,300,89,1
300,300,85,1
300,144,300,1
300,129,300,0
300,119,300,0
300,109,300,0
300,99,300,0
300,89,300,0
88,79,300,0
74,70,300,2
59,67,300,2
50,300,221,2
44,300,300,2
41,300,300,2
217,300,205,2
300,300,225,2
300,300,241,2
300,300,216,0
300,300,213,0
300,300,209,0
300,300,205,0
300,293,202,0
299,283,198,0
289,273,195,0
278,263,177,0
267,253,155,0
257,243,134,0
79,233,113,0
68,223,91,0
57,213,70,0
64,203,58,0
71,193,55,0
78,183,163,0
86,173,159,0
74,157,167,1
59,144,196,1
49,137,161,1
41,107,137,0
38,97,127,0
34,87,116,0
30,77,106,0
26,67,96,0
26,78,96,2
31,67,100,2
44,59,111,2
51,53,143,2
40,50,151,2
33,49,143,2
28,53,139,2
26,70,139,2
24,82,134,0
21,72,123,0
20,97,121,2
24,86,131,2
36,79,153,2
69,75,136,2
59,75,125,2
52,80,117,2
48,96,113,2
48,104,112,2
53,90,300,2
65,80,300,2
78,73,300,2
63,69,139,2
52,68,128,2
46,300,121,2
41,300,115,0
35,300,106,0
29,300,98,0
24,300,89,0
300,300,81,0
300,300,72,0
300,300,64,0
300,300,55,0
300,300,47,0
300,300,55,0
300,300,300,0
300,300,300,0
300,300,300,0
300,300,300,0
233,300,300,0
190,300,300,0
148,300,300,0
128,300,300,0
122,300,300,0
117,300,300,0
111,300,300,0
105,300,300,0
100,300,300,0
101,300,300,2
300,113,300,2
275,101,300,0
274,91,300,0
274,81,300,0
273,71,300,0
300,61,300,2
57,245,266,2
44,258,243,2
34,288,229,2
210,275,224,2
213,239,223,0
208,229,214,0
203,219,204,0
198,209,195,0
193,199,186,0
188,189,176,0
184,179,167,0
179,169,158,0
174,159,148,0
169,149,139,0
164,139,130,0
159,129,121,0
155,119,111,0
150,109,102,0
145,99,93,0
133,103,81,1
126,114,73,1
122,133,71,1
122,112,73,1
127,98,81,1
140,88,100,1
170,82,88,1
251,79,72,1
300,80,61,1
300,88,55,1
300,109,52,1
190,175,53,1
161,300,59,1
148,300,58,0
148,300,57,0
149,300,56,0
150,291,56,0
300,281,55,0
300,271,54,0
130,262,64,1
111,263,91,1
112,300,164,1
300,300,235,1
300,300,227,0
94,300,219,0
69,300,212,0
63,300,204,0
56,300,196,0
50,300,189,0
44,300,182,2
191,300,181,2
168,300,188,2
192,153,161,2
300,144,133,2
300,141,115,2
300,131,112,0
300,121,108,0
300,107,112,1
300,94,129,1
300,86,103,1
300,300,82,1
152,300,68,1
143,300,59,0
137,300,51,0
130,300,43,0
124,300,176,0
117,300,168,1
110,300,163,1
107,300,300,1
97,300,300,0
87,300,300,2
75,300,300,2
300,300,136,2
206,300,130,0
200,300,121,0
195,300,113,0
189,300,124,0
300,300,150,0
300,300,177,0
300,300,203,0
300,296,230,0
300,286,245,0
300,276,237,0
300,266,228,0
300,256,220,0
300,246,211,0
300,236,202,0
300,226,194,0
296,216,185,0
290,206,177,0
285,196,168,0
279,186,160,0
274,176,151,0
268,166,142,0
262,156,134,0
257,146,125,0
251,136,117,0
246,126,108,0
240,116,100,0
234,106,91,0
229,96,83,0
223,86,74,0
218,76,65,0
209,70,56,1
201,74,49,1
199,87,45,1
205,126,44,1
221,174,48,1
253,164,58,1
300,160,82,1
300,163,146,1
300,170,137,0
300,160,129,0
300,150,121,0
300,140,113,0
300,130,105,0
300,120,97,0
300,110,89,0
300,100,81,0
300,93,73,1
300,103,66,1
300,128,63,1
155,200,64,1
142,300,71,1
300,300,88,1
300,300,109,0
300,300,114,0
300,300,118,0
114,300,123,0
96,300,127,0
77,300,132,0
70,300,136,0
67,300,140,0
65,300,145,0
62,300,149,0
59,300,154,0
174,300,158,0
171,300,163,0
168,300,167,0
165,300,172,0
149,300,155,1
135,300,137,1
300,300,127,1
300,141,300,1
300,118,300,1
297,102,300,0
285,92,300,0
279,82,300,0
283,72,300,0
287,62,112,0
300,53,100,2
300,46,300,2
34,42,300,2
26,40,258,2
21,41,300,2
19,53,252,2
19,300,268,2
23,221,283,2
300,300,107,2
300,300,97,0
300,300,93,0
300,300,218,0
300,300,214,0
300,300,210,0
300,300,205,0
300,300,201,0
300,300,197,0
299,300,193,0
289,292,188,0
279,282,184,0
269,272,180,0
98,262,176,0
88,252,165,0
78,242,140,0
79,232,115,0
89,222,90,0
100,212,66,0
110,202,43,0
121,192,38,0
146,185,34,2
160,198,27,2
152,160,19,2
146,144,54,0
139,144,104,1
133,159,99,1
124,126,91,2
120,99,85,2
124,79,81,2
118,71,70,1
106,68,57,1
98,70,49,1
92,80,44,1
89,87,42,1
88,72,44,1
110,59,67,1
140,53,51,1
137,49,40,1
129,48,33,1
124,52,28,1
123,68,25,1
127,102,26,1
138,92,31,1
300,85,44,1
300,81,76,1
300,81,65,1
263,88,57,1
259,92,52,0
251,82,47,0
244,77,41,1
105,275,40,1
85,300,42,1
78,300,44,0
73,300,43,0
74,300,42,0
227,300,41,0
224,300,300,0
211,300,300,0
198,300,300,0
184,300,300,0
171,300,300,0
158,300,300,0
145,300,300,0
131,300,195,0
118,300,180,0
105,300,165,0
92,300,150,0
78,300,135,0
79,300,159,2
300,150,300,2
213,101,300,2
300,84,206,2
300,101,300,2
106,108,300,0
81,98,300,0
55,88,181,0
35,78,171,0
32,300,300,2
34,300,300,2
42,300,300,2
295,127,300,2
300,128,300,2
286,300,293,2
277,300,285,0
270,300,278,0
263,300,271,0
76,300,264,0
69,300,257,0
61,300,250,0
54,300,243,0
47,300,236,0
223,284,231,2
229,243,234,2
249,216,247,2
278,201,230,0
277,191,231,0
276,181,232,0
262,171,225,0
246,161,212,0
231,151,198,0
216,141,185,0
200,131,172,0
185,121,159,0
170,111,146,0
193,104,118,1
212,101,97,1
196,103,84,1
188,113,76,1
185,137,72,1
189,180,73,1
201,162,80,1
228,151,96,1
282,146,131,1
300,141,142,0
300,131,132,0
288,121,122,0
264,111,112,0
241,101,102,0
217,91,92,0
193,81,82,0
169,71,72,0
206,65,59,1
300,64,49,1
300,68,43,1
300,82,39,1
300,127,39,1
300,218,40,0
300,208,38,0
300,198,36,0
150,271,43,1
128,269,60,1
127,300,105,1
108,300,118,0
104,300,132,0
99,300,145,0
94,300,159,0
90,300,172,0
269,300,186,0
241,300,199,0
213,300,190,0
187,300,180,0
183,300,171,0
178,300,161,0
169,300,148,1
300,300,136,1
300,187,131,1
300,156,300,1
300,136,300,1
300,126,300,0
293,116,300,0
279,106,300,0
300,300,121,1
300,300,94,1
300,300,78,0
300,300,68,0
300,300,68,0
300,300,81,0
300,300,64,2
212,300,50,2
300,207,44,0
300,197,44,0
300,187,43,0
300,177,43,0
300,167,42,0
300,277,43,1
300,273,300,1
157,280,278,1
269,213,131,1
155,230,125,2
300,244,258,2
300,223,281,2
168,212,300,2
228,85,300,2
202,217,300,2
185,236,191,2
58,277,300,2
54,300,300,0
172,300,300,0
167,300,300,0
162,300,300,0
156,297,300,0
151,287,300,0
146,277,300,0
141,267,118,0
135,257,109,0
130,247,100,0
125,237,91,0
120,227,83,0
114,217,80,0
109,207,101,0
104,197,300,0
99,187,300,0
93,177,300,0
88,167,300,0
83,157,300,0
78,147,300,0
72,137,292,0
67,127,283,0
62,117,274,0
56,107,265,0
54,124,266,2
56,220,283,2
64,228,300,2
83,222,300,2
128,225,300,2
173,224,300,0
187,214,300,0
192,204,300,0
182,194,300,0
173,184,300,0
164,174,300,0
154,164,300,0
145,154,300,0
135,144,300,0
126,134,300,0
116,124,296,0
107,114,292,0
98,104,287,0
88,94,265,0
79,84,237,0
69,75,237,2
58,76,254,2
51,82,248,2
48,102,250,2
49,161,262,2
54,218,300,2
68,210,300,2
101,210,300,2
168,215,295,0
184,205,290,0
179,195,285,0
170,185,280,0
161,175,275,0
152,165,300,0
142,155,300,0
133,145,300,0
124,135,300,0
115,125,300,0
106,115,300,0
96,105,300,0
87,95,300,0
78,85,300,0
67,84,300,2
59,236,209,2
56,300,208,2
56,300,214,2
256,300,300,0
240,300,300,0
223,300,300,0
206,300,300,0
189,300,175,0
173,295,163,0
156,285,151,0
139,275,138,0
148,273,117,1
206,300,130,1
207,300,300,1
199,102,239,1
194,83,237,0
186,73,300,0
177,63,300,0
169,53,300,0
170,58,300,1
178,106,45,1
198,136,26,1
238,130,37,1
297,128,65,1
94,134,110,1
86,149,101,1
79,172,97,0
71,162,92,0
62,152,86,0
54,142,80,0
45,132,75,0
221,122,69,0
212,112,63,0
203,102,58,0
195,92,52,0
186,82,46,0
178,72,41,0
175,77,37,1
180,119,36,1
195,147,40,1
164,138,50,1
157,129,56,0
155,119,59,0
153,109,62,0
151,99,65,0
148,89,68,0
135,79,71,0
118,69,74,0
129,61,64,1
115,57,51,1
105,55,41,1
99,58,35,1
95,69,32,1
93,82,31,1
95,70,34,1
102,60,45,1
122,54,55,1
127,76,44,1
276,97,42,1
229,109,43,1
179,97,49,1
134,96,96,1
121,213,82,1
112,158,73,1
107,125,68,1
98,115,62,0
90,105,200,0
81,95,194,0
72,87,187,2
64,93,178,2
59,110,175,2
59,154,300,2
55,144,167,0
51,134,156,0
53,135,300,2
61,123,291,2
72,113,261,0
74,103,260,0
92,96,239,2
88,93,300,2
76,94,300,2
68,250,300,2
64,207,300,2
60,193,300,0
55,183,300,0
51,173,300,0
245,163,300,0
300,153,300,0
300,149,300,2
300,300,300,2
158,300,300,2
138,237,300,0
123,227,300,0
109,217,300,0
109,300,300,1
119,300,300,0
99,300,300,0
79,300,300,0
59,300,300,0
52,300,300,0
49,300,300,0
46,300,300,0
43,300,300,0
39,300,300,0
36,293,300,0
33,283,116,0
